{
    "Afghanistan": 63.673,
    "Albania": 78.345,
    "Algeria": 76.078,
    "Angola": 61.547,
    "Antigua and Barbuda": 76.364,
    "Argentina": 76.577,
    "Armenia": 74.618,
    "Aruba": 75.867,
    "Australia": 82.5,
    "Austria": 80.89024,
    "Azerbaijan": 72.026,
    "Bahrain": 76.9,
    "Bangladesh": 74.43,
    "Belarus": 73.82683,
    "Benin": 60.907,
    "Bhutan": 71.5,
    "Bolivia": 69.125,
    "Botswana": 66.797,
    "Brazil": 75.723,
    "Brunei": 77.203,
    "Bulgaria": 74.9,
    "Burkina Faso": 60.361,
    "Burundi": 57.481,
    "Cambodia": 68.981,
    "Cameroon": 58.073,
    "Canada": 83.62,
    "Cape Verde": 72.798,
    "Catalonia": 83.63,
    "Central African Republic": 52.171,
    "Chad": 52.903,
    "Chile": 79.522,
    "Colombia": 74.381,
    "Comoros": 63.701,
    "Costa Rica": 79.831,
    "Croatia": 78.02195,
    "Cuba": 79.742,
    "Cyprus": 80.508,
    "Czech Republic": 79.02683,
    "Democratic Republic of the Congo": 59.621,
    "Denmark": 80.70488,
    "Djibouti": 62.465,
    "Dominica": 76.59756,
    "Dominican Republic": 73.861,
    "East Timor": 68.881,
    "Ecuador": 76.327,
    "Egypt": 71.484,
    "El Salvador": 73.512,
    "Eritrea": 65.092,
    "Estonia": 77.73659,
    "Ethiopia": 65.475,
    "Federated States of Micronesia": 69.195,
    "Fiji": 70.269,
    "Finland": 81.78049,
    "France": 82.27317,
    "Germany": 80.8,
    "Ghana": 62.742,
    "Greece": 81.1,
    "Grenada": 73.659,
    "Guatemala": 73.409,
    "Guinea": 60.015,
    "Guinea-Bissau": 57.403,
    "Guyana": 66.65,
    "Haiti": 63.33,
    "Honduras": 73.575,
    "Hungary": 75.56829,
    "Iceland": 82.46829,
    "India": 70.03,
    "Indonesia": 69.191,
    "Iran": 75.953,
    "Iraq": 69.862,
    "Israel": 82.6,
    "Italy": 82.5439,
    "Ivory Coast": 53.582,
    "Jamaica": 75.97,
    "Japan": 83.98488,
    "Jordan": 74.329,
    "Kazakhstan": 72.3,
    "Kenya": 67.032,
    "Kiribati": 68.46,
    "Kyrgyzstan": 70.95122,
    "Laos": 66,
    "Latvia": 74.52927,
    "Lebanon": 79.584,
    "Lesotho": 54.174,
    "Liberia": 62.505,
    "Libya": 71.934,
    "Liechtenstein": 82.6561,
    "Lithuania": 74.32195,
    "Madagascar": 65.932,
    "Malawi": 63.223,
    "Maldives": 77.339,
    "Mali": 57.966,
    "Malta": 81.79756,
    "Marshall Islands": 65.23902,
    "Mauritania": 63.238,
    "Mexico": 77.118,
    "Mongolia": 69.287,
    "Montenegro": 77.116,
    "Morocco": 75.821,
    "Mozambique": 58.311,
    "Myanmar": 69.62,
    "Namibia": 64.388,
    "Nepal": 72.12,
    "Netherlands": 81.50976,
    "New Zealand": 81.61244,
    "Nicaragua": 75.404,
    "Niger": 60.058,
    "Nigeria": 53.428,
    "North Korea": 71.685,
    "Norway": 82.40732,
    "Oman": 77.029,
    "Pakistan": 69.37,
    "Palau": 69.12927,
    "Papua New Guinea": 65.544,
    "Paraguay": 73.12,
    "People's Republic of China": 76.252,
    "Peru": 74.983,
    "Philippines": 71.095,
    "Poland": 77.45122,
    "Portugal": 81.12683,
    "Qatar": 78.184,
    "Republic of Ireland": 81.60732,
    "Republic of the Congo": 64.625,
    "Romania": 75.0122,
    "Russia": 71.59293,
    "Rwanda": 67.129,
    "Saint Kitts and Nevis": 71.33659,
    "Saint Lucia": 75.496,
    "Saint Vincent and the Grenadines": 73.179,
    "Samoa": 75.013,
    "Saudi Arabia": 74.561,
    "Senegal": 67.146,
    "Seychelles": 74.30976,
    "Sierra Leone": 51.835,
    "Singapore": 82.79512,
    "Sint Maarten": 73.05366,
    "Slovakia": 76.56341,
    "Slovenia": 80.77561,
    "Solomon Islands": 70.726,
    "Somalia": 56.293,
    "South Africa": 62.774,
    "South Korea": 82.02439,
    "South Sudan": 56.811,
    "Sri Lanka": 77.75,
    "Sudan": 64.486,
    "Sweden": 82.20488,
    "Switzerland": 82.89756,
    "Syria": 70.31,
    "São Tomé and Príncipe": 66.624,
    "Tajikistan": 71.051,
    "Tanzania": 65.675,
    "Thailand": 77.41,
    "The Bahamas": 75.675,
    "The Gambia": 61.193,
    "Togo": 60.232,
    "Trinidad and Tobago": 70.673,
    "Tunisia": 75.731,
    "Turkey": 75.755,
    "Turkmenistan": 67.835,
    "Uganda": 59.889,
    "United Arab Emirates": 77.256,
    "United Kingdom": 80.9561,
    "United States of America": 78.69024,
    "Uruguay": 77.493,
    "Uzbekistan": 71.314,
    "Vanuatu": 72.133,
    "Venezuela": 74.545,
    "Vietnam": 76.253,
    "Yemen": 64.953,
    "Zambia": 61.874,
    "Zimbabwe": 61.163
}