{
    "Iraq": 437072,
    "Canada": 9123991.446,
    "Israel": 20333.83,
    "Costa Rica": 51100,
    "Japan": 377972.28,
    "Yemen": 555000,
    "Republic of Ireland": 69797,
    "Norway": 385207,
    "Nicaragua": 130375,
    "Lebanon": 10452,
    "Jordan": 89341,
    "Finland": 338424.38,
    "Myanmar": 676577.2,
    "Hungary": 93011.4,
    "Kyrgyzstan": 199951,
    "United States of America": 9826675,
    "Wales": 20779,
    "Laos": 236800,
    "Maldives": 298,
    "Pakistan": 881913,
    "Denmark": 42925.46,
    "Poland": 304553.242,
    "Nepal": 147181.254346,
    "Italy": 301338,
    "Sweden": 447425.16,
    "Oman": 309500,
    "Switzerland": 41285,
    "Tajikistan": 143100,
    "Qatar": 11437,
    "Saudi Arabia": 2250000,
    "Lithuania": 65300,
    "Syria": 185180,
    "Taiwan": 35179.596,
    "South Korea": 100295,
    "Thailand": 513119.5,
    "Sri Lanka": 64757.07,
    "Greece": 131957,
    "Netherlands": 33774.459,
    "United Arab Emirates": 83600,
    "Uruguay": 176215,
    "Austria": 82453.04717,
    "Turkmenistan": 491210,
    "Kenya": 581309,
    "Turkey": 783562,
    "Portugal": 92225,
    "France": 641869.597,
    "Bangladesh": 147570,
    "Mexico": 1972550,
    "Afghanistan": 652230,
    "Brunei": 5765.313533,
    "Egypt": 1010407.87,
    "Brazil": 8515767,
    "Bhutan": 38394,
    "Vietnam": 331690,
    "Philippines": 343448,
    "United Kingdom": 242495.406794,
    "Ethiopia": 1104300,
    "People's Republic of China": 9328246.092,
    "Mali": 1240192,
    "Tanzania": 947303,
    "Ghana": 238535,
    "Russia": 17075400,
    "Togo": 56785,
    "Germany": 349363.25129,
    "Central African Republic": 622984,
    "Angola": 1246700,
    "Zimbabwe": 386849.43,
    "Estonia": 45339,
    "Tunisia": 163610,
    "Zambia": 752618,
    "South Sudan": 619745.304981,
    "Iceland": 100222.892,
    "Benin": 114763,
    "Belarus": 207595,
    "Latvia": 63620.165,
    "Slovakia": 49035,
    "Czech Republic": 77288.68,
    "Slovenia": 20273,
    "Botswana": 567193.575,
    "Burundi": 27834,
    "Burkina Faso": 274200,
    "Romania": 238397,
    "Comoros": 2034,
    "Bulgaria": 110993.6,
    "Albania": 27109.364,
    "Republic of the Congo": 342000,
    "Democratic Republic of the Congo": 2267477.686,
    "Croatia": 56594,
    "Djibouti": 23200,
    "Eritrea": 117600,
    "Azerbaijan": 86600,
    "The Gambia": 11300,
    "Guinea": 245857,
    "Andorra": 468,
    "Cyprus": 9242.45,
    "Guinea-Bissau": 36125,
    "Kazakhstan": 2724900,
    "Ivory Coast": 322463,
    "Malta": 316,
    "Cameroon": 475442,
    "Montenegro": 13812,
    "Cape Verde": 4033,
    "Cuba": 109884,
    "Lesotho": 30355,
    "Indonesia": 1904570,
    "Liberia": 111369,
    "Libya": 1759541,
    "South Africa": 1221037,
    "Madagascar": 587295,
    "Algeria": 2381741,
    "Malawi": 118484,
    "Uzbekistan": 448978,
    "Mauritania": 1030700,
    "Chile": 756102,
    "Morocco": 446550,
    "Singapore": 708.716196,
    "Mozambique": 801590,
    "Liechtenstein": 160,
    "Namibia": 825615,
    "Bahrain": 785.08,
    "Niger": 1267000,
    "Nigeria": 923768,
    "Armenia": 29743.423459,
    "Uganda": 197169.084,
    "Australia": 7692024,
    "Rwanda": 26338,
    "Argentina": 2780400,
    "Peru": 1172116.992,
    "São Tomé and Príncipe": 1001,
    "Senegal": 196722,
    "North Korea": 120540,
    "Seychelles": 459,
    "Cambodia": 181035,
    "Sierra Leone": 71596.52,
    "East Timor": 14918.72,
    "Somalia": 637657,
    "Chad": 1284000,
    "Sudan": 1886068,
    "New Zealand": 268021,
    "Kosovo": 10909.02992,
    "India": 2974973.015,
    "Galicia": 29574,
    "Catalonia": 31895,
    "Tuvalu": 26,
    "Northern Mariana Islands": 42.8272,
    "Samoa": 2842,
    "Aruba": 178.916378,
    "Sint Maarten": 34,
    "Vanuatu": 12190,
    "Kingdom of the Netherlands": 42201,
    "Cook Islands": 240,
    "Papua New Guinea": 462840,
    "Solomon Islands": 28400,
    "Niue": 260,
    "Somaliland": 177000,
    "Palau": 465.550362,
    "Nauru": 21,
    "Hatay State": 4700,
    "Kingdom of Denmark": 2220930,
    "Federated States of Micronesia": 702,
    "Transnistria": 4163,
    "Marshall Islands": 181.43,
    "United States of the Ionian Islands": 2659,
    "British North Borneo": 761152,
    "Republic of Artsakh": 11458.1074,
    "Kiribati": 811,
    "Mongolia": 1566000,
    "Fiji": 18274,
    "Venezuela": 912050,
    "Paraguay": 406756,
    "Guyana": 196912.52,
    "Ecuador": 255586.91,
    "Colombia": 1141748,
    "Bolivia": 1098581,
    "Trinidad and Tobago": 5128,
    "Saint Vincent and the Grenadines": 389,
    "Saint Lucia": 617.012867,
    "Saint Kitts and Nevis": 269.358763,
    "Jamaica": 10991.90954,
    "Grenada": 348.5,
    "Guatemala": 108889,
    "The Bahamas": 10006.038,
    "Antigua and Barbuda": 440.29,
    "Honduras": 112492,
    "Dominica": 751.096551,
    "Dominican Republic": 48670.82,
    "Haiti": 27750,
    "El Salvador": 20742,
    "Iran": 1648195
}